_id,followersCount,friendsCount,statusCount,tweet_count
636230.0,1979.0,552.0,6566.0,207.0
702999.0,603.0,1217.0,6957.0,362.0
704944.0,12451.0,7441.0,65267.0,19464.0
696593.0,5510.0,5968.0,272.0,71.0
704092.0,539.0,791.0,5818.0,23.0
704922.0,61695.0,686.0,1603.0,58.0
703731.0,13013.0,8749.0,15512.0,661.0
704941.0,271.0,75.0,3861.0,371.0
704466.0,8045.0,2361.0,90211.0,23227.0
639341.0,926.0,809.0,1534.0,326.0
227.0,1843.0,1790.0,3176.0,118.0
704484.0,61244.0,48670.0,353.0,2223.0
704160.0,1936.0,1404.0,4902.0,255.0
698069.0,568.0,2018.0,14018.0,199.0
704644.0,457.0,190.0,1205.0,897.0
701985.0,301.0,283.0,3703.0,197.0
704943.0,636.0,545.0,1697.0,148.0
637638.0,2393.0,1565.0,36997.0,442.0
704933.0,588.0,286.0,27175.0,2335.0
703723.0,472064.0,265662.0,50140.0,798.0
704534.0,2436.0,1277.0,20855.0,2464.0
685404.0,3828379.0,18431.0,43924.0,35.0
781.0,102.0,203.0,154.0,17.0
867.0,640.0,693.0,16591.0,30.0
702899.0,35236.0,1815.0,22155.0,529.0
704510.0,19224.0,1333.0,6426.0,543.0
695971.0,634.0,635.0,13027.0,654.0
701220.0,1178.0,909.0,14610.0,885.0
637808.0,95.0,130.0,594.0,118.0
638498.0,528.0,999.0,5720.0,217.0
702611.0,6858.0,7539.0,32336.0,5213.0
703248.0,2213.0,678.0,11298.0,683.0
704498.0,161.0,410.0,1164.0,136.0
534091.0,53493.0,9522.0,28042.0,220.0
639963.0,497.0,328.0,3589.0,208.0
701337.0,1149.0,934.0,2030.0,42.0
704308.0,643.0,783.0,3157.0,55.0
681118.0,1895.0,3876.0,162.0,82.0
702691.0,1005.0,862.0,10134.0,663.0
704303.0,892.0,1426.0,1107.0,524.0
257237.0,237.0,938.0,557.0,181.0
528453.0,28593.0,28918.0,5853.0,243.0
2292.0,727.0,1739.0,103.0,53.0
704430.0,258564.0,107.0,24521.0,991.0
704936.0,100148.0,22318.0,1171.0,2649.0
703447.0,10311.0,8499.0,5449.0,96.0
669899.0,3593.0,879.0,5970.0,2041.0
702023.0,1554.0,1770.0,23883.0,1164.0
699895.0,31462.0,9461.0,7482.0,466.0
703556.0,522.0,1656.0,6128.0,633.0
701574.0,46775.0,37342.0,660.0,432.0
698461.0,10753.0,6937.0,5676.0,789.0
2798.0,10881.0,7356.0,643.0,40.0
700649.0,2313.0,1695.0,4125.0,357.0
701389.0,23546.0,24609.0,27700.0,936.0
704339.0,18104.0,7403.0,1329.0,1281.0
704416.0,5077602.0,1209.0,78462.0,1096.0
686884.0,12159.0,11521.0,56695.0,523.0
602640.0,981.0,891.0,882.0,381.0
687355.0,1779.0,1645.0,8095.0,42.0
697906.0,2140.0,696.0,14714.0,677.0
703232.0,1293.0,951.0,20052.0,1612.0
3630.0,47.0,183.0,92.0,28.0
3634.0,50.0,52.0,75.0,52.0
3635.0,292.0,197.0,7121.0,53.0
3637.0,11.0,131.0,210.0,101.0
3639.0,136.0,71.0,3961.0,86.0
3641.0,126.0,221.0,585.0,45.0
3644.0,212.0,562.0,221.0,113.0
3645.0,25.0,132.0,421.0,148.0
3646.0,19.0,70.0,193.0,26.0
3647.0,86.0,213.0,146.0,153.0
3648.0,29.0,125.0,163.0,21.0
3649.0,162.0,536.0,452.0,17.0
3650.0,136.0,834.0,238.0,156.0
3652.0,250.0,452.0,318.0,67.0
3653.0,366.0,825.0,401.0,35.0
3654.0,2379.0,2034.0,2996.0,40.0
3655.0,315.0,289.0,179.0,78.0
3658.0,37.0,100.0,123.0,23.0
3659.0,36.0,30.0,595.0,301.0
3660.0,58.0,119.0,886.0,294.0
3661.0,139.0,113.0,479.0,50.0
3662.0,1556.0,1264.0,7229.0,24.0
3663.0,59.0,92.0,182.0,85.0
3664.0,254.0,308.0,3985.0,68.0
3665.0,279.0,286.0,2972.0,27.0
3666.0,117.0,285.0,1527.0,20.0
3668.0,70.0,256.0,372.0,35.0
3671.0,2527.0,2323.0,176.0,34.0
3674.0,127.0,73.0,1532.0,11.0
3675.0,130.0,245.0,5645.0,240.0
3680.0,57.0,242.0,1338.0,29.0
3681.0,134.0,70.0,779.0,17.0
3684.0,206.0,319.0,339.0,13.0
569880.0,150.0,340.0,135.0,15.0
693059.0,12513.0,8193.0,45927.0,3021.0
638059.0,66.0,168.0,746.0,649.0
3947.0,260.0,223.0,174.0,18.0
4006.0,324.0,477.0,374.0,15.0
4055.0,31.0,61.0,119.0,13.0
4147.0,460.0,1145.0,326.0,44.0
640487.0,1770.0,1894.0,5502.0,7952.0
575514.0,481023.0,132236.0,303.0,45.0
528637.0,187.0,161.0,1010.0,123.0
704109.0,9263.0,2322.0,4335.0,647.0
669199.0,9847.0,10832.0,1903.0,166.0
4666.0,3283.0,3635.0,1825.0,104.0
704750.0,50808.0,36401.0,1895.0,254.0
665560.0,1366.0,457.0,20750.0,4008.0
524416.0,927.0,1998.0,7512.0,690.0
700188.0,24035.0,5899.0,34977.0,5627.0
531289.0,279.0,306.0,540.0,189.0
703017.0,556.0,1814.0,16390.0,141.0
700583.0,134.0,396.0,1696.0,381.0
704046.0,19163.0,8375.0,5804.0,1121.0
6043.0,205.0,208.0,1614.0,33.0
701826.0,341.0,1112.0,2404.0,198.0
298412.0,6394.0,6325.0,5058.0,277.0
295734.0,282.0,791.0,319.0,98.0
632376.0,25812.0,4714.0,2155.0,58.0
683910.0,138304.0,62088.0,1937.0,1197.0
670451.0,75120.0,43580.0,282.0,103.0
569986.0,12460.0,17.0,655.0,139.0
694514.0,215660.0,209807.0,5540.0,567.0
667032.0,518485.0,29669.0,15100.0,272.0
694760.0,330.0,287.0,2606.0,199.0
700005.0,144168.0,59396.0,3322.0,534.0
694443.0,210.0,1118.0,5368.0,122.0
700877.0,1261.0,959.0,4978.0,299.0
7055.0,302.0,305.0,4793.0,47.0
506158.0,270.0,554.0,2082.0,406.0
548592.0,54.0,127.0,1057.0,106.0
700644.0,2944.0,2305.0,2509.0,3418.0
704665.0,24621.0,13506.0,114832.0,6653.0
693446.0,967.0,1021.0,23508.0,1521.0
703909.0,7320.0,289.0,4559.0,776.0
491803.0,483.0,512.0,4896.0,100.0
602247.0,7868.0,5992.0,18933.0,330.0
8212.0,628.0,1865.0,1699.0,26.0
704650.0,3404.0,2424.0,46094.0,3250.0
687344.0,1066.0,1264.0,1666.0,12.0
703932.0,13460.0,4057.0,15805.0,2493.0
8812.0,99.0,337.0,329.0,17.0
666294.0,125.0,907.0,122.0,31.0
701116.0,13627.0,217.0,275.0,18.0
701285.0,7179.0,5842.0,9569.0,170.0
665456.0,130.0,102.0,205.0,249.0
700900.0,1560.0,895.0,495.0,15.0
700965.0,5003.0,5031.0,14768.0,648.0
9175.0,1034.0,1953.0,569.0,46.0
9187.0,39.0,155.0,289.0,64.0
9257.0,269.0,795.0,60.0,25.0
670535.0,7944.0,7718.0,15413.0,2053.0
703853.0,403.0,1153.0,4987.0,1627.0
699748.0,8864.0,7040.0,30466.0,247.0
701144.0,45304.0,49139.0,27543.0,10587.0
699908.0,363.0,792.0,2703.0,270.0
566865.0,712.0,734.0,155.0,17.0
547697.0,759.0,829.0,6155.0,840.0
630840.0,58406.0,25133.0,184.0,159.0
10136.0,60.0,369.0,824.0,41.0
698922.0,5684.0,2721.0,1344.0,53.0
355307.0,84.0,97.0,1305.0,34.0
680319.0,690.0,483.0,41832.0,2478.0
704761.0,206264.0,395.0,12252.0,83.0
693232.0,1960.0,1482.0,3145.0,285.0
703336.0,45.0,71.0,103.0,77.0
507051.0,7090.0,150.0,1824.0,12.0
10817.0,180.0,912.0,177.0,32.0
703217.0,29841.0,10047.0,66640.0,2717.0
11060.0,128.0,344.0,1377.0,49.0
639095.0,738.0,1392.0,1298.0,11.0
11329.0,60.0,163.0,546.0,73.0
698000.0,18086.0,913.0,27322.0,223.0
698597.0,2527.0,2063.0,16448.0,3049.0
486236.0,64004.0,4721.0,12784.0,48.0
547750.0,127.0,833.0,4049.0,1691.0
11839.0,157.0,140.0,2283.0,26.0
675299.0,210.0,265.0,514.0,64.0
698270.0,918.0,2096.0,2006.0,1804.0
702792.0,2954.0,2981.0,11577.0,23.0
12375.0,61.0,62.0,207.0,121.0
702982.0,3647.0,3001.0,22939.0,404.0
667997.0,231.0,367.0,1249.0,52.0
697263.0,3720.0,3157.0,130924.0,9896.0
12661.0,481.0,490.0,11172.0,19.0
307884.0,370.0,828.0,6604.0,76.0
12814.0,282.0,195.0,3701.0,329.0
13012.0,151.0,1113.0,133.0,55.0
681233.0,4742.0,4598.0,34884.0,3939.0
666673.0,1255.0,334.0,15951.0,1281.0
700531.0,269.0,178.0,1389.0,931.0
704642.0,4041.0,2858.0,371.0,85.0
13477.0,86.0,275.0,834.0,26.0
13683.0,247.0,534.0,86.0,16.0
676231.0,53888.0,23879.0,9680.0,104.0
492965.0,157.0,386.0,1191.0,262.0
702564.0,842.0,459.0,1704.0,79.0
14237.0,225.0,630.0,945.0,43.0
702478.0,6010.0,4856.0,2696.0,222.0
266697.0,2947.0,2996.0,2381.0,61.0
14412.0,196.0,384.0,2610.0,95.0
14517.0,580.0,616.0,1378.0,34.0
443022.0,436.0,553.0,1088.0,21.0
699868.0,1622.0,4742.0,276.0,356.0
704074.0,5978.0,6360.0,38090.0,16976.0
14723.0,1288.0,1641.0,890.0,132.0
664771.0,12968.0,1985.0,8432.0,296.0
14862.0,279.0,260.0,3643.0,26.0
666735.0,20851.0,21326.0,2139.0,101.0
15062.0,203.0,1009.0,723.0,81.0
15345.0,67.0,346.0,187.0,65.0
698357.0,195.0,302.0,643.0,17.0
704645.0,2181.0,2282.0,1699.0,754.0
666141.0,148552.0,144205.0,860.0,29.0
15809.0,441.0,444.0,537.0,48.0
15902.0,106.0,503.0,689.0,127.0
675293.0,275.0,1997.0,432.0,249.0
700779.0,4288.0,4502.0,3798.0,468.0
15987.0,223.0,830.0,321.0,80.0
569896.0,294.0,702.0,4416.0,137.0
16198.0,340.0,581.0,1774.0,301.0
16271.0,125.0,466.0,514.0,36.0
666097.0,2087.0,1945.0,5484.0,251.0
703609.0,4223.0,4403.0,113040.0,34350.0
16785.0,592.0,1832.0,238.0,11.0
703952.0,8160.0,8917.0,114254.0,13527.0
626234.0,1551.0,1861.0,1132.0,20.0
701657.0,234.0,611.0,335.0,51.0
600023.0,284.0,852.0,350.0,703.0
17342.0,172.0,896.0,176.0,22.0
17620.0,17.0,38.0,127.0,98.0
17660.0,318.0,765.0,1439.0,78.0
17672.0,452.0,1298.0,82.0,26.0
704231.0,464.0,529.0,3520.0,248.0
574736.0,49.0,264.0,1511.0,33.0
17843.0,721.0,2338.0,82.0,18.0
18010.0,1141.0,897.0,6308.0,17.0
666177.0,10229.0,479.0,7712.0,51.0
535106.0,1423.0,2069.0,237.0,12.0
666397.0,1416.0,1704.0,516.0,43.0
704817.0,1581.0,181.0,25390.0,8421.0
699711.0,1686.0,1749.0,9137.0,191.0
490719.0,1736.0,2144.0,1197.0,46.0
471044.0,63.0,382.0,75.0,25.0
18689.0,1458.0,1886.0,94.0,28.0
699957.0,95658.0,21214.0,15826.0,7907.0
18875.0,5845.0,4885.0,14221.0,25.0
201079.0,147.0,313.0,2305.0,33.0
469624.0,2716.0,2709.0,8534.0,390.0
703621.0,128446.0,1948.0,2905.0,63.0
514465.0,184.0,787.0,3945.0,110.0
704329.0,993.0,481.0,7751.0,774.0
695669.0,1099.0,1099.0,3739.0,225.0
19700.0,99.0,585.0,75.0,11.0
699912.0,1642.0,2039.0,194.0,25.0
684374.0,39253.0,17861.0,264.0,27.0
686274.0,179462.0,95954.0,3023.0,38.0
19981.0,109.0,690.0,2758.0,116.0
20028.0,3135.0,3185.0,6671.0,91.0
701971.0,3562.0,1213.0,17483.0,4153.0
20120.0,180.0,1219.0,315.0,110.0
694522.0,1785.0,2548.0,3252.0,1477.0
670733.0,4571.0,4912.0,577.0,179.0
677132.0,386.0,992.0,1422.0,236.0
506998.0,9454.0,7516.0,7980.0,21.0
579202.0,10062.0,9170.0,19833.0,178.0
704772.0,405.0,966.0,7010.0,122.0
701335.0,1719.0,2203.0,5895.0,1546.0
702701.0,1318.0,1412.0,19698.0,751.0
20802.0,129.0,242.0,380.0,22.0
20956.0,1185.0,1976.0,275.0,59.0
700843.0,72485.0,32169.0,98789.0,180.0
21169.0,296.0,386.0,7878.0,176.0
275166.0,21293.0,16981.0,8283.0,599.0
669038.0,173.0,641.0,353.0,1249.0
555637.0,157.0,156.0,2881.0,123.0
703527.0,399.0,328.0,3175.0,1314.0
636110.0,127.0,162.0,309.0,28.0
515309.0,44137.0,36255.0,15262.0,443.0
704175.0,264367.0,163067.0,42548.0,2407.0
21951.0,484.0,983.0,379.0,118.0
22039.0,422.0,649.0,361.0,58.0
700058.0,670.0,1524.0,6213.0,410.0
22468.0,302.0,664.0,2869.0,319.0
681083.0,4634.0,4517.0,4017.0,371.0
672233.0,5096.0,869.0,42595.0,182.0
696233.0,12611.0,11738.0,25781.0,437.0
23163.0,543.0,1446.0,689.0,32.0
535109.0,323.0,526.0,2031.0,98.0
429401.0,270.0,306.0,3040.0,84.0
702940.0,41713.0,23982.0,19978.0,303.0
600791.0,95.0,428.0,432.0,173.0
23282.0,206.0,970.0,193.0,30.0
23328.0,60.0,152.0,105.0,14.0
384490.0,588.0,1263.0,313.0,212.0
692617.0,1100244.0,84484.0,2213.0,15.0
634811.0,4764.0,2683.0,14618.0,483.0
672309.0,2245.0,1776.0,7976.0,79.0
668713.0,293.0,202.0,15476.0,512.0
430109.0,462.0,1952.0,193.0,26.0
695768.0,420.0,474.0,924.0,19.0
24026.0,2176.0,2613.0,4486.0,600.0
24109.0,143102.0,72835.0,6270.0,53.0
703497.0,39473.0,39291.0,88391.0,9412.0
699202.0,262.0,360.0,9784.0,780.0
674544.0,9477.0,7576.0,22311.0,729.0
613147.0,48.0,247.0,165.0,85.0
24574.0,621.0,1573.0,293.0,70.0
695773.0,2357.0,1715.0,4574.0,1001.0
671380.0,2402.0,2961.0,25931.0,5316.0
694411.0,327324.0,90390.0,9053.0,199.0
24711.0,624.0,1951.0,1494.0,262.0
702675.0,10679.0,564.0,11146.0,52.0
679026.0,7584.0,7840.0,383.0,48.0
603359.0,751.0,292.0,5008.0,25.0
565723.0,56775.0,45062.0,5371.0,291.0
497029.0,845.0,1522.0,7750.0,180.0
704262.0,4283.0,2997.0,17339.0,203.0
704547.0,220038.0,496.0,7724.0,679.0
701235.0,2504.0,1185.0,26493.0,12106.0
704827.0,89592.0,44531.0,124131.0,4459.0
703780.0,8131.0,7800.0,36671.0,1678.0
25415.0,166.0,776.0,129.0,12.0
704406.0,3452065.0,289.0,43581.0,667.0
704441.0,880.0,380.0,8295.0,115.0
665324.0,439.0,895.0,457.0,59.0
669712.0,207.0,140.0,1698.0,95.0
673875.0,7364.0,6944.0,23291.0,1268.0
681738.0,1932.0,2514.0,9764.0,2117.0
698406.0,1931.0,3006.0,808.0,233.0
703636.0,23467.0,22820.0,77255.0,8944.0
683884.0,17036.0,14972.0,626.0,196.0
704527.0,4523.0,1956.0,26380.0,11965.0
559665.0,23668.0,20452.0,1197.0,124.0
701397.0,320.0,450.0,4435.0,172.0
478729.0,608.0,2467.0,2571.0,777.0
692696.0,588.0,400.0,5946.0,355.0
662898.0,5213.0,5125.0,4662.0,128.0
602610.0,2674.0,2441.0,13243.0,116.0
569454.0,562.0,577.0,1045.0,278.0
670032.0,5202.0,3202.0,12639.0,149.0
704884.0,1701.0,359.0,1435.0,19.0
379880.0,123.0,91.0,666.0,92.0
704878.0,18077.0,12562.0,18393.0,4092.0
27004.0,5111.0,5072.0,30855.0,172.0
671381.0,33254.0,31647.0,2322.0,392.0
27193.0,389.0,563.0,969.0,96.0
576593.0,9084.0,9758.0,319.0,45.0
216661.0,1691.0,1607.0,1408.0,119.0
549258.0,406.0,2105.0,3809.0,177.0
27493.0,229.0,1553.0,2586.0,18.0
603581.0,835.0,874.0,3660.0,2321.0
27734.0,203.0,825.0,111.0,24.0
703924.0,51541.0,480.0,13456.0,119.0
27952.0,884.0,1239.0,417.0,234.0
27960.0,1298.0,1996.0,4127.0,221.0
678544.0,4480.0,4166.0,62694.0,1500.0
28366.0,90.0,646.0,86.0,15.0
676518.0,2558.0,2580.0,9634.0,2188.0
613885.0,79558.0,28334.0,28604.0,32.0
671413.0,39292.0,24141.0,3096.0,348.0
674566.0,3740.0,3684.0,6722.0,540.0
28803.0,360.0,975.0,827.0,103.0
28838.0,14.0,88.0,268.0,24.0
28933.0,1211.0,1615.0,5548.0,1042.0
565939.0,4033.0,3902.0,1161.0,83.0
554165.0,143.0,573.0,1896.0,602.0
703671.0,831.0,61.0,6218.0,2128.0
700636.0,271.0,1554.0,5780.0,411.0
703164.0,249.0,185.0,2062.0,40.0
29959.0,111.0,858.0,1203.0,451.0
575997.0,25734.0,19716.0,9394.0,233.0
613889.0,1706.0,1851.0,1407.0,34.0
30562.0,166.0,579.0,182.0,12.0
30703.0,64.0,370.0,689.0,26.0
698095.0,1372.0,813.0,23020.0,236.0
696220.0,5368.0,3233.0,64884.0,14669.0
698700.0,1185.0,1148.0,1340.0,17.0
31586.0,49.0,962.0,168.0,30.0
680759.0,617.0,818.0,910.0,586.0
440508.0,12656.0,13963.0,375.0,121.0
675208.0,199.0,196.0,9225.0,82.0
31849.0,386.0,1699.0,3469.0,502.0
31936.0,639.0,1842.0,1057.0,23.0
32146.0,45895.0,28587.0,15937.0,444.0
698361.0,321.0,345.0,2477.0,16.0
674299.0,249.0,889.0,1255.0,61.0
456332.0,22767.0,661.0,124.0,34.0
32314.0,202.0,219.0,188.0,32.0
680895.0,203.0,399.0,2030.0,937.0
703757.0,14900.0,1118.0,24307.0,76.0
535101.0,120.0,114.0,975.0,26.0
32703.0,144.0,254.0,1061.0,52.0
663650.0,465.0,1143.0,1911.0,976.0
701098.0,4079.0,4149.0,30619.0,5877.0
701453.0,752.0,693.0,777.0,83.0
33397.0,505.0,1993.0,1567.0,59.0
487817.0,67813.0,64665.0,114728.0,16.0
677102.0,117.0,473.0,181.0,66.0
687842.0,512.0,469.0,22829.0,373.0
33645.0,783.0,1859.0,69.0,19.0
266176.0,267.0,401.0,512.0,40.0
33761.0,517.0,1154.0,324.0,27.0
676707.0,32909.0,25920.0,44015.0,842.0
634904.0,1960.0,2033.0,2293.0,198.0
535107.0,286.0,406.0,616.0,127.0
34116.0,3174.0,2914.0,17170.0,27.0
667290.0,163.0,788.0,675.0,13.0
700513.0,202.0,809.0,7608.0,775.0
34315.0,244.0,1649.0,1355.0,76.0
34343.0,1058.0,2043.0,503.0,184.0
432663.0,102270.0,18222.0,4797.0,44.0
703167.0,132937.0,1192.0,9544.0,61.0
548923.0,205.0,438.0,412.0,28.0
571322.0,261.0,83.0,448.0,60.0
476253.0,184.0,161.0,95.0,58.0
34661.0,79.0,236.0,443.0,84.0
695628.0,5394.0,5667.0,7903.0,1174.0
417282.0,599.0,2007.0,1918.0,126.0
34901.0,575.0,1689.0,2201.0,217.0
678530.0,1366.0,1433.0,2944.0,694.0
568741.0,334.0,1005.0,545.0,212.0
703992.0,162169.0,93140.0,5247.0,306.0
659124.0,9769.0,10442.0,388.0,224.0
633294.0,22538.0,13774.0,1251.0,34.0
611701.0,921.0,1371.0,3992.0,658.0
613005.0,307.0,632.0,1469.0,186.0
506782.0,84.0,339.0,3762.0,13.0
534754.0,289.0,616.0,2684.0,152.0
35767.0,700.0,918.0,338.0,11.0
35831.0,754.0,1628.0,6354.0,32.0
35862.0,5796.0,4824.0,4330.0,280.0
36044.0,628.0,1603.0,182.0,16.0
677899.0,1966.0,678.0,2279.0,235.0
679536.0,3012.0,381.0,2154.0,203.0
543374.0,423.0,868.0,2560.0,179.0
36808.0,22.0,263.0,1070.0,71.0
613015.0,138.0,339.0,1675.0,108.0
697566.0,2841.0,2399.0,4903.0,161.0
36971.0,279.0,222.0,2342.0,319.0
704274.0,348.0,389.0,1113.0,146.0
37099.0,139.0,473.0,441.0,38.0
680788.0,60612.0,30645.0,18895.0,331.0
37618.0,40.0,149.0,512.0,24.0
37826.0,340.0,884.0,6051.0,100.0
611075.0,600.0,1293.0,1175.0,271.0
38089.0,757.0,1005.0,571.0,23.0
679655.0,41.0,376.0,138.0,509.0
542907.0,2394.0,651.0,13836.0,116.0
38328.0,470.0,1123.0,567.0,267.0
38340.0,343.0,943.0,397.0,27.0
614265.0,2148.0,5006.0,626.0,94.0
698388.0,3142.0,1175.0,19011.0,699.0
38692.0,448.0,591.0,466.0,70.0
679782.0,39342.0,35585.0,382.0,381.0
680327.0,956.0,726.0,3386.0,33.0
702928.0,5893.0,5469.0,18672.0,750.0
703408.0,54119.0,40375.0,38483.0,1342.0
355475.0,462.0,1208.0,1382.0,63.0
39121.0,1122.0,1197.0,605.0,67.0
703415.0,10966.0,10684.0,28240.0,419.0
699278.0,1545.0,1248.0,22641.0,3524.0
613533.0,887.0,1203.0,8429.0,800.0
39954.0,158.0,277.0,604.0,18.0
40142.0,353.0,285.0,3090.0,38.0
40215.0,182.0,317.0,470.0,15.0
695662.0,1805.0,1936.0,11205.0,2098.0
425910.0,128287.0,21119.0,14639.0,134.0
506007.0,2767.0,371.0,4169.0,20.0
694409.0,18478.0,1625.0,6407.0,183.0
40742.0,1721.0,2564.0,3455.0,28.0
698437.0,3705.0,3582.0,28002.0,823.0
701385.0,59.0,152.0,1053.0,115.0
193416.0,14816.0,16064.0,271601.0,88.0
614761.0,1096.0,1467.0,1204.0,81.0
434053.0,813.0,1998.0,1074.0,31.0
703720.0,1570.0,690.0,625.0,53.0
41561.0,457.0,1914.0,82.0,29.0
614580.0,6949.0,6629.0,4772.0,109.0
41625.0,220.0,1765.0,5287.0,1403.0
41780.0,43.0,379.0,115.0,75.0
695241.0,14939.0,6838.0,78662.0,5052.0
681209.0,25033.0,23099.0,2006.0,104.0
41818.0,566.0,1976.0,90.0,12.0
681658.0,274565.0,195325.0,135546.0,5063.0
42324.0,118524.0,78164.0,19734.0,198.0
614702.0,7511.0,7180.0,3466.0,1760.0
532287.0,2696.0,3012.0,19363.0,223.0
692379.0,8264.0,5354.0,15643.0,364.0
680602.0,664.0,552.0,6952.0,74.0
528442.0,583.0,1434.0,1828.0,538.0
704875.0,2034458.0,0.0,3064.0,163.0
43645.0,38.0,241.0,227.0,21.0
684580.0,242.0,875.0,380.0,17.0
43850.0,711.0,1812.0,4809.0,165.0
615379.0,1275.0,1047.0,27475.0,724.0
44136.0,766.0,1514.0,2903.0,155.0
44295.0,61.0,99.0,314.0,43.0
696164.0,11267.0,10554.0,25366.0,4161.0
44386.0,90.0,348.0,306.0,11.0
433147.0,1031.0,1295.0,1195.0,68.0
694506.0,176.0,402.0,5021.0,177.0
44848.0,419.0,1047.0,1348.0,36.0
542937.0,732.0,1875.0,493.0,35.0
682632.0,66.0,370.0,500.0,275.0
698087.0,1936.0,2002.0,41827.0,3424.0
696263.0,4840.0,469.0,11064.0,3992.0
682105.0,668.0,1863.0,7213.0,4127.0
673274.0,1780.0,1564.0,4511.0,280.0
703728.0,1019.0,1556.0,1436.0,97.0
45824.0,650.0,1646.0,2927.0,190.0
680854.0,198.0,280.0,1796.0,176.0
619498.0,43650.0,12740.0,35897.0,237.0
682638.0,6391.0,6170.0,1955.0,134.0
46251.0,935.0,1863.0,390.0,15.0
701833.0,3278.0,2859.0,18714.0,1861.0
403733.0,1169.0,1735.0,24458.0,90.0
682774.0,910.0,2007.0,32702.0,540.0
405804.0,15547.0,19325.0,21726.0,18.0
47054.0,240.0,912.0,897.0,74.0
684691.0,6417.0,45.0,721.0,357.0
699889.0,169.0,180.0,4351.0,509.0
47692.0,8008.0,1910.0,686.0,333.0
685640.0,6179.0,5531.0,4854.0,114.0
683324.0,1308.0,605.0,5891.0,37.0
609545.0,46148.0,40219.0,750.0,15.0
704730.0,87377.0,24040.0,106734.0,3407.0
47892.0,746.0,1155.0,2247.0,49.0
683033.0,1813.0,1350.0,9736.0,598.0
703955.0,43307.0,933.0,94048.0,4514.0
695546.0,16792.0,14937.0,9844.0,302.0
680938.0,8047.0,8465.0,7169.0,713.0
48371.0,741.0,1641.0,165.0,26.0
48404.0,103.0,301.0,3377.0,181.0
48405.0,157.0,736.0,2395.0,219.0
694795.0,3719.0,2570.0,17049.0,3292.0
676508.0,696.0,1719.0,6372.0,652.0
701406.0,272.0,640.0,9383.0,21.0
702027.0,9339.0,2490.0,2508.0,135.0
48632.0,14.0,143.0,247.0,14.0
48959.0,2628.0,2919.0,5394.0,130.0
699001.0,6242.0,3831.0,93238.0,1275.0
49302.0,1807.0,2089.0,3674.0,821.0
695998.0,6516.0,5931.0,8432.0,294.0
683653.0,2094.0,1934.0,10404.0,173.0
49647.0,254.0,1137.0,358.0,11.0
683542.0,4673.0,4671.0,20695.0,4136.0
702326.0,19077.0,456.0,1514.0,140.0
409741.0,26007.0,21441.0,12257.0,61.0
502597.0,1100.0,375.0,17775.0,375.0
355480.0,203.0,672.0,287.0,96.0
50086.0,149.0,688.0,401.0,41.0
50197.0,211.0,982.0,290.0,21.0
681148.0,21412.0,19112.0,1249.0,165.0
50705.0,198.0,1180.0,198.0,20.0
699681.0,7226.0,7316.0,10454.0,5420.0
50816.0,479.0,392.0,731.0,45.0
50883.0,199.0,1764.0,61.0,11.0
51490.0,125.0,1486.0,238.0,40.0
51561.0,1029.0,1310.0,2288.0,17.0
684840.0,5727.0,5230.0,17445.0,962.0
617944.0,11219.0,12318.0,4627.0,47.0
51591.0,573.0,1888.0,818.0,32.0
51615.0,157.0,268.0,374.0,45.0
51616.0,347.0,822.0,1401.0,76.0
51671.0,185.0,1992.0,6380.0,181.0
675196.0,10.0,21.0,189.0,436.0
701058.0,15561.0,15589.0,88102.0,9773.0
52344.0,118.0,286.0,132.0,13.0
52357.0,241.0,252.0,686.0,20.0
555719.0,745.0,994.0,8867.0,63.0
687016.0,8946.0,8134.0,21997.0,1305.0
684796.0,772.0,1310.0,14474.0,860.0
52713.0,684.0,2348.0,1170.0,100.0
684854.0,567.0,597.0,807.0,65.0
52776.0,401.0,1839.0,3451.0,514.0
683898.0,1865.0,1188.0,18119.0,644.0
617951.0,359.0,332.0,3455.0,89.0
53301.0,232.0,156.0,355.0,21.0
411224.0,3177.0,3176.0,14056.0,146.0
615346.0,33897.0,27394.0,7957.0,22.0
53552.0,96.0,571.0,230.0,16.0
53600.0,1278.0,2321.0,265.0,37.0
53626.0,245.0,500.0,3508.0,37.0
53786.0,694.0,588.0,497.0,51.0
53920.0,43.0,21.0,62.0,11.0
666158.0,320.0,309.0,6622.0,264.0
685138.0,73.0,72.0,757.0,304.0
607694.0,522.0,953.0,4525.0,123.0
687390.0,6805.0,7479.0,77963.0,10904.0
54367.0,77.0,484.0,453.0,52.0
686836.0,1.0,33.0,282.0,106.0
54519.0,82.0,91.0,552.0,47.0
699750.0,5213.0,4742.0,14784.0,601.0
54570.0,537.0,933.0,899.0,39.0
443639.0,67.0,159.0,389.0,27.0
54998.0,1315.0,1734.0,531.0,18.0
685377.0,159460.0,49945.0,4625.0,495.0
55120.0,156.0,668.0,334.0,18.0
55123.0,108.0,724.0,1125.0,40.0
414822.0,864.0,1991.0,1293.0,418.0
700230.0,50724.0,8507.0,20571.0,2938.0
624124.0,428.0,2121.0,20289.0,329.0
645629.0,2548.0,2040.0,5438.0,172.0
681802.0,1564.0,2589.0,3780.0,1084.0
55724.0,521.0,813.0,1237.0,22.0
55844.0,570.0,564.0,7750.0,123.0
56064.0,1015.0,2761.0,364.0,88.0
56168.0,3.0,188.0,70.0,19.0
558446.0,2223.0,244.0,9984.0,448.0
56470.0,984.0,1926.0,345.0,12.0
686023.0,1416.0,1162.0,47562.0,3709.0
619401.0,3805.0,3696.0,4689.0,16.0
629631.0,7000.0,7542.0,2056.0,93.0
56710.0,268.0,1707.0,1981.0,14.0
703244.0,22945.0,410.0,7652.0,212.0
641762.0,3095.0,2617.0,9721.0,49.0
568241.0,3701.0,3665.0,7167.0,69.0
558610.0,3019.0,2198.0,9555.0,81.0
56988.0,138.0,567.0,303.0,19.0
57020.0,512.0,942.0,13847.0,192.0
57275.0,456.0,640.0,19249.0,2093.0
700969.0,287.0,203.0,16152.0,379.0
704935.0,8440.0,2308.0,7974.0,411.0
682772.0,29825.0,30500.0,98259.0,1235.0
694380.0,4277.0,4519.0,47211.0,6140.0
555047.0,2003.0,333.0,4169.0,31.0
685968.0,96.0,337.0,1129.0,2577.0
58016.0,1464.0,1318.0,12714.0,99.0
58111.0,189.0,347.0,2244.0,26.0
698157.0,2668.0,563.0,41784.0,4146.0
695572.0,238.0,515.0,958.0,196.0
695736.0,1104.0,881.0,23312.0,1341.0
686071.0,12591.0,11737.0,16073.0,960.0
419108.0,5168.0,5711.0,12366.0,312.0
692078.0,2618.0,247.0,22607.0,672.0
515812.0,738.0,356.0,315.0,23.0
58866.0,824.0,1443.0,1567.0,44.0
58998.0,803.0,1814.0,1517.0,35.0
59007.0,270.0,439.0,4729.0,30.0
700785.0,21836.0,1018.0,25193.0,354.0
59241.0,845.0,1899.0,1685.0,92.0
59267.0,45906.0,54253.0,98756.0,34607.0
59380.0,466.0,548.0,3897.0,812.0
698006.0,252570.0,203936.0,8754.0,738.0
434359.0,363.0,1705.0,674.0,22.0
60039.0,502.0,1915.0,2158.0,121.0
422219.0,4086.0,4514.0,6902.0,104.0
686639.0,3616.0,1527.0,4768.0,32.0
617632.0,1808.0,2632.0,4138.0,660.0
686556.0,352.0,551.0,1804.0,335.0
60340.0,1319.0,1889.0,2316.0,378.0
60487.0,1415.0,815.0,2401.0,615.0
703663.0,113768.0,14366.0,26246.0,292.0
60636.0,110.0,596.0,865.0,128.0
446596.0,1553.0,495.0,8576.0,281.0
701161.0,2330.0,688.0,18746.0,46.0
662464.0,5294.0,3832.0,7386.0,65.0
61045.0,110.0,270.0,2372.0,490.0
686944.0,29334.0,17396.0,6970.0,708.0
574748.0,391.0,374.0,10403.0,1170.0
446142.0,576.0,1212.0,1584.0,58.0
61368.0,219.0,199.0,682.0,19.0
703501.0,14970.0,5043.0,78681.0,2362.0
61554.0,2334.0,2416.0,12421.0,313.0
61726.0,1176.0,1462.0,3505.0,911.0
704672.0,1545.0,1130.0,2401.0,824.0
61939.0,300.0,1925.0,281.0,56.0
411058.0,4425.0,4641.0,1177.0,44.0
686953.0,77.0,123.0,208.0,161.0
617998.0,1660.0,2133.0,21140.0,697.0
698486.0,755.0,1076.0,3745.0,431.0
62350.0,690.0,2377.0,3686.0,51.0
699902.0,490.0,1482.0,9364.0,303.0
62682.0,581.0,1630.0,1813.0,81.0
62683.0,20.0,131.0,668.0,50.0
62754.0,558.0,1831.0,968.0,12.0
62940.0,121.0,358.0,1701.0,190.0
63002.0,319.0,1676.0,1211.0,24.0
63109.0,243.0,959.0,647.0,20.0
63562.0,322.0,807.0,3960.0,34.0
63667.0,1219.0,1060.0,10111.0,396.0
577466.0,928.0,869.0,21171.0,173.0
64348.0,73.0,378.0,1326.0,136.0
425485.0,692.0,1453.0,791.0,33.0
602873.0,36842.0,5406.0,3775.0,113.0
64551.0,486.0,956.0,542.0,28.0
64604.0,434.0,1575.0,265.0,19.0
64644.0,687.0,613.0,2542.0,11.0
64797.0,1335.0,1413.0,2580.0,28.0
64956.0,586.0,1696.0,392.0,17.0
416643.0,3562.0,2383.0,1155.0,44.0
65384.0,665.0,641.0,11326.0,73.0
620760.0,466.0,1057.0,4235.0,124.0
65586.0,228.0,779.0,1005.0,39.0
431595.0,331.0,1157.0,12896.0,34.0
65810.0,396.0,742.0,269.0,12.0
65865.0,3785.0,3826.0,20511.0,369.0
576795.0,33267.0,36366.0,21720.0,1342.0
702142.0,2079.0,2572.0,18623.0,10652.0
704643.0,1782.0,311.0,34245.0,7729.0
563206.0,3993.0,4401.0,35550.0,541.0
687294.0,9770.0,8860.0,75448.0,410.0
685989.0,213.0,185.0,1002.0,98.0
66113.0,405.0,2071.0,2229.0,22.0
475382.0,903.0,1206.0,6513.0,1476.0
66355.0,780.0,1122.0,2492.0,273.0
502246.0,810.0,2180.0,10202.0,1227.0
66651.0,239.0,849.0,3149.0,91.0
66695.0,878.0,2015.0,276.0,13.0
694569.0,279.0,505.0,5343.0,323.0
703448.0,375628.0,404.0,2714.0,112.0
66883.0,590.0,355.0,3543.0,280.0
414819.0,11038.0,4828.0,298.0,120.0
695250.0,13406.0,5024.0,47336.0,2240.0
67527.0,191.0,1358.0,1798.0,22.0
679852.0,368.0,923.0,14316.0,1052.0
688311.0,2026.0,1221.0,4632.0,111.0
67809.0,878.0,1917.0,2172.0,13.0
579442.0,8708.0,7813.0,20818.0,44.0
67966.0,124.0,869.0,1243.0,16.0
68148.0,6599.0,6637.0,21751.0,1135.0
680221.0,1366.0,1352.0,53176.0,1620.0
68462.0,562.0,749.0,3871.0,63.0
68672.0,46.0,392.0,784.0,67.0
678762.0,235.0,176.0,380.0,20.0
316078.0,302.0,428.0,6328.0,161.0
467912.0,12017.0,10650.0,26360.0,1458.0
487842.0,92.0,73.0,890.0,29.0
704864.0,2899173.0,483.0,15248.0,827.0
69195.0,280.0,766.0,3511.0,123.0
69291.0,1096.0,1930.0,32286.0,867.0
69459.0,321.0,859.0,3339.0,18.0
574664.0,230.0,738.0,957.0,20.0
686035.0,246.0,916.0,4986.0,476.0
69622.0,142.0,1014.0,780.0,185.0
688249.0,2625.0,2406.0,24580.0,2392.0
697540.0,2794.0,1537.0,30783.0,2097.0
469549.0,2173.0,2379.0,1625.0,42.0
69977.0,157.0,670.0,1435.0,72.0
620180.0,311.0,347.0,3187.0,122.0
70403.0,195.0,455.0,1973.0,13.0
70423.0,571.0,1997.0,3034.0,86.0
694668.0,112967.0,107480.0,19871.0,976.0
70666.0,362.0,1009.0,3090.0,87.0
702152.0,83694.0,81176.0,28910.0,3382.0
70773.0,235.0,652.0,1784.0,190.0
71017.0,611.0,525.0,1443.0,41.0
71040.0,74.0,271.0,99.0,61.0
695446.0,409.0,2022.0,901.0,858.0
298104.0,1120.0,1962.0,11083.0,94.0
71582.0,452.0,2023.0,2622.0,78.0
689243.0,72009.0,56263.0,556.0,19.0
71789.0,699.0,850.0,738.0,161.0
72020.0,55873.0,3142.0,2725.0,38.0
72089.0,97264.0,53614.0,819.0,13.0
703815.0,2400.0,1205.0,44497.0,686.0
689283.0,393051.0,214112.0,99257.0,2058.0
72521.0,5199.0,5370.0,1379.0,154.0
689039.0,175860.0,156511.0,62221.0,94.0
72774.0,374.0,1231.0,986.0,18.0
440988.0,2422.0,2418.0,3273.0,405.0
702312.0,330.0,668.0,2219.0,38.0
414062.0,22644.0,17188.0,9287.0,113.0
584523.0,1354.0,1189.0,2628.0,141.0
73729.0,3506.0,4508.0,78.0,13.0
674905.0,1539.0,548.0,18252.0,864.0
73955.0,960.0,815.0,619.0,166.0
74030.0,175.0,187.0,983.0,50.0
74031.0,1172.0,440.0,9257.0,557.0
474171.0,9970.0,2486.0,4416.0,81.0
74132.0,285.0,236.0,1534.0,48.0
599108.0,300.0,623.0,427.0,61.0
74292.0,102.0,221.0,1692.0,195.0
74989.0,1127.0,548.0,15283.0,132.0
75052.0,665.0,847.0,943.0,330.0
689572.0,1330.0,1726.0,462.0,12.0
596378.0,49046.0,45526.0,736.0,28.0
75414.0,6328.0,5499.0,2727.0,20.0
75776.0,4902.0,5061.0,19107.0,379.0
623595.0,6591.0,5968.0,38819.0,2378.0
479843.0,272.0,231.0,649.0,37.0
76414.0,165.0,95.0,192.0,20.0
76497.0,2693.0,4957.0,534.0,40.0
76523.0,202.0,231.0,461.0,149.0
690961.0,346.0,253.0,1053.0,35.0
474068.0,3643.0,3643.0,785.0,191.0
76726.0,3840.0,3833.0,2915.0,27.0
76729.0,1074.0,180.0,1958.0,92.0
645090.0,489.0,246.0,1007.0,69.0
77032.0,2015.0,1779.0,14172.0,540.0
77070.0,3135.0,2331.0,9078.0,147.0
77073.0,72.0,230.0,7375.0,25.0
77417.0,2926.0,1704.0,2194.0,44.0
77499.0,127.0,142.0,481.0,60.0
77571.0,1409.0,661.0,3519.0,152.0
77784.0,2655.0,2375.0,7482.0,61.0
587399.0,6234.0,6063.0,12388.0,516.0
561876.0,284.0,326.0,1068.0,96.0
683309.0,2602.0,1892.0,4054.0,530.0
477387.0,266.0,242.0,3061.0,69.0
78583.0,46374.0,26040.0,1273.0,28.0
478581.0,1057.0,962.0,5700.0,124.0
79014.0,1000.0,797.0,11639.0,44.0
79248.0,89.0,165.0,75.0,14.0
79254.0,140.0,128.0,815.0,105.0
79267.0,91.0,248.0,866.0,33.0
704421.0,910.0,321.0,396.0,42.0
388107.0,1531.0,627.0,3648.0,190.0
79531.0,582.0,517.0,1857.0,50.0
454511.0,1044.0,923.0,953.0,17.0
79627.0,364.0,447.0,638.0,24.0
79700.0,2008.0,4068.0,897.0,232.0
79764.0,60.0,147.0,160.0,31.0
80067.0,804.0,676.0,4628.0,28.0
509362.0,406.0,384.0,3299.0,151.0
590056.0,1491.0,2099.0,2604.0,627.0
433702.0,1166.0,1133.0,44566.0,1529.0
80447.0,2109.0,1878.0,6202.0,50.0
80579.0,928.0,832.0,11601.0,99.0
607877.0,2053.0,1876.0,9169.0,435.0
699802.0,17793.0,10701.0,284179.0,9272.0
676426.0,103146.0,48006.0,17110.0,434.0
80866.0,417.0,785.0,2895.0,70.0
80914.0,2236.0,1580.0,7632.0,44.0
666495.0,1933.0,2240.0,3806.0,174.0
574517.0,532.0,567.0,3424.0,319.0
81177.0,578.0,1095.0,1266.0,44.0
81378.0,173.0,1996.0,1849.0,16.0
81383.0,1642.0,1991.0,4947.0,17.0
81455.0,201.0,265.0,2575.0,345.0
694819.0,95.0,342.0,3858.0,94.0
692366.0,3016.0,1717.0,8213.0,212.0
81727.0,30.0,30.0,755.0,239.0
81734.0,2360.0,2330.0,1382.0,33.0
81762.0,286.0,1054.0,234.0,35.0
626004.0,588.0,301.0,548.0,24.0
283966.0,366.0,419.0,7809.0,167.0
82125.0,992.0,815.0,3204.0,50.0
622321.0,8577.0,5338.0,3984.0,82.0
82444.0,1636.0,1976.0,3733.0,83.0
82648.0,608.0,1116.0,4097.0,15.0
82696.0,294.0,1084.0,3288.0,198.0
704022.0,23023.0,554.0,3406.0,113.0
624027.0,1135.0,1137.0,4963.0,110.0
701943.0,10550.0,8744.0,170322.0,14066.0
83000.0,310.0,1652.0,243.0,14.0
83116.0,784.0,841.0,2736.0,54.0
83217.0,1448.0,1476.0,1716.0,69.0
83333.0,64.0,1194.0,12713.0,53.0
478217.0,718.0,1640.0,9844.0,1044.0
695699.0,9349.0,9807.0,41509.0,8879.0
83488.0,2459.0,2830.0,2682.0,132.0
702077.0,1390.0,1091.0,104317.0,3966.0
235164.0,1719.0,1253.0,4689.0,160.0
83949.0,245.0,309.0,395.0,11.0
645086.0,3829.0,4991.0,22926.0,629.0
84115.0,682.0,982.0,2100.0,147.0
702634.0,153.0,172.0,1041.0,32.0
84254.0,455.0,1879.0,1772.0,17.0
701970.0,4946.0,4695.0,8661.0,53.0
84291.0,671.0,306.0,3531.0,67.0
84576.0,453.0,1049.0,3254.0,16.0
491120.0,144.0,465.0,790.0,88.0
84810.0,282.0,710.0,273.0,49.0
84826.0,726.0,1769.0,676.0,123.0
84831.0,813.0,1520.0,1408.0,11.0
85000.0,317.0,361.0,8197.0,11.0
85478.0,3048.0,2692.0,1305.0,40.0
85533.0,167.0,416.0,2309.0,111.0
85970.0,191.0,323.0,2204.0,19.0
495058.0,211.0,259.0,299.0,248.0
495248.0,932.0,2070.0,4436.0,267.0
86559.0,603.0,1863.0,413.0,47.0
700500.0,924.0,202.0,3895.0,2970.0
672084.0,1448.0,1401.0,1091.0,89.0
628703.0,943.0,1189.0,4421.0,222.0
703622.0,19778.0,18030.0,33494.0,364.0
87720.0,475.0,1313.0,2503.0,87.0
87723.0,850.0,1679.0,30288.0,3849.0
674336.0,1667.0,1834.0,17768.0,1230.0
506151.0,1721.0,1546.0,7897.0,183.0
697895.0,9619.0,7389.0,44146.0,3703.0
688244.0,3270.0,3083.0,17116.0,179.0
88537.0,1298.0,852.0,3365.0,97.0
88732.0,408.0,1265.0,2154.0,16.0
666868.0,1535.0,1890.0,3616.0,380.0
601081.0,270.0,905.0,2671.0,66.0
88801.0,310.0,321.0,2042.0,31.0
485905.0,599.0,583.0,5580.0,130.0
701549.0,392.0,782.0,7850.0,755.0
88996.0,336.0,796.0,5799.0,60.0
89070.0,664.0,736.0,2642.0,161.0
696526.0,422.0,763.0,1759.0,237.0
89346.0,220.0,1330.0,156.0,68.0
89588.0,187.0,669.0,2910.0,28.0
594784.0,17753.0,10070.0,76296.0,80.0
544795.0,108.0,898.0,1511.0,2274.0
89717.0,2558.0,2531.0,3555.0,25.0
584422.0,5122.0,267.0,3070.0,178.0
89816.0,249.0,651.0,865.0,19.0
90183.0,221.0,736.0,251.0,19.0
90348.0,379.0,784.0,2322.0,161.0
698855.0,5234.0,1434.0,15731.0,1175.0
693271.0,5784.0,5973.0,9609.0,817.0
619885.0,9108.0,282.0,1251.0,123.0
694759.0,3613.0,3783.0,40196.0,5732.0
695398.0,389.0,620.0,2509.0,229.0
486061.0,21298.0,15862.0,217194.0,183.0
695321.0,661.0,1059.0,1926.0,1212.0
695399.0,14925.0,8516.0,43558.0,576.0
91710.0,66.0,793.0,802.0,25.0
91784.0,67.0,282.0,878.0,18.0
91963.0,654.0,1877.0,325.0,48.0
433818.0,486.0,1764.0,5917.0,110.0
703061.0,119696.0,174.0,77714.0,3885.0
693659.0,1585.0,770.0,6295.0,240.0
92690.0,912.0,1823.0,2502.0,63.0
92762.0,125.0,278.0,2051.0,29.0
373474.0,13969.0,9467.0,2601.0,68.0
696552.0,921.0,612.0,16264.0,370.0
702859.0,514.0,1043.0,8393.0,2473.0
651363.0,2148.0,1573.0,1924.0,386.0
93048.0,175.0,1676.0,894.0,43.0
506312.0,2263.0,2276.0,13713.0,328.0
93398.0,172.0,602.0,5440.0,168.0
704381.0,224550.0,285032.0,119645.0,2448.0
497298.0,1933.0,2447.0,46111.0,2031.0
622859.0,2418.0,2391.0,4576.0,88.0
695231.0,948.0,1338.0,8281.0,128.0
704639.0,430143.0,13543.0,16024.0,349.0
538688.0,937.0,919.0,3817.0,245.0
627165.0,573.0,842.0,3164.0,156.0
696726.0,461.0,1039.0,3881.0,133.0
699795.0,311.0,85.0,519.0,81.0
701021.0,9686.0,9803.0,65982.0,10529.0
698935.0,640.0,973.0,7386.0,405.0
627117.0,222.0,256.0,675.0,45.0
94741.0,155.0,367.0,3389.0,35.0
702042.0,618.0,794.0,12187.0,202.0
568610.0,1808.0,2011.0,8732.0,220.0
95045.0,2615.0,2704.0,579.0,81.0
95064.0,644.0,1309.0,164.0,12.0
626305.0,603.0,1187.0,14381.0,330.0
95214.0,845.0,838.0,8718.0,62.0
695664.0,27687.0,20501.0,134981.0,1297.0
95542.0,403.0,682.0,22476.0,294.0
95729.0,314.0,789.0,384.0,12.0
631773.0,693.0,1357.0,1599.0,424.0
254884.0,1276.0,2003.0,10929.0,61.0
95824.0,236.0,629.0,6173.0,92.0
701844.0,1201.0,1943.0,15103.0,790.0
95876.0,696.0,1817.0,3632.0,127.0
571755.0,1863.0,1125.0,5724.0,317.0
96262.0,151.0,264.0,301.0,59.0
693962.0,459.0,352.0,1049.0,151.0
96413.0,1030.0,1901.0,7176.0,85.0
576250.0,2376.0,2202.0,8252.0,508.0
96629.0,63.0,239.0,2200.0,15.0
620743.0,17782.0,1253.0,59572.0,297.0
96744.0,61.0,71.0,425.0,25.0
97012.0,71.0,148.0,1581.0,27.0
696988.0,127.0,426.0,1921.0,352.0
591978.0,427.0,1530.0,1775.0,46.0
693857.0,10779.0,10509.0,23185.0,517.0
693689.0,64.0,138.0,1352.0,121.0
700985.0,4086.0,1218.0,3680.0,478.0
97934.0,257.0,969.0,1358.0,21.0
627379.0,1532.0,1396.0,10100.0,162.0
697256.0,4111.0,1440.0,3047.0,161.0
571940.0,283.0,377.0,5597.0,37.0
545285.0,1958.0,2245.0,6506.0,136.0
697617.0,3643.0,4305.0,826.0,22.0
98705.0,151.0,472.0,1237.0,192.0
98939.0,2474.0,2617.0,2343.0,11.0
99120.0,85.0,252.0,1856.0,36.0
627447.0,214.0,448.0,564.0,79.0
99152.0,409.0,510.0,758.0,57.0
99185.0,338.0,1161.0,919.0,39.0
211123.0,154.0,340.0,1157.0,97.0
99329.0,177.0,298.0,527.0,63.0
99380.0,9275.0,873.0,10055.0,25.0
99548.0,7877.0,7304.0,25080.0,188.0
627715.0,92.0,447.0,3100.0,53.0
99646.0,1150.0,1661.0,4861.0,277.0
99681.0,105.0,174.0,314.0,24.0
99809.0,630.0,1731.0,733.0,109.0
693692.0,236.0,363.0,1311.0,501.0
100513.0,160.0,1056.0,3601.0,89.0
698141.0,4579.0,4728.0,58178.0,9906.0
100623.0,160.0,685.0,1867.0,199.0
100999.0,755.0,1740.0,3306.0,31.0
634254.0,39315.0,44419.0,22163.0,700.0
700684.0,23301.0,12793.0,17701.0,3135.0
568222.0,1485.0,1467.0,9674.0,552.0
697368.0,14344.0,9555.0,65652.0,5956.0
101534.0,226.0,292.0,79.0,11.0
101535.0,1012.0,553.0,1779.0,17.0
602859.0,1441.0,1525.0,12823.0,120.0
703171.0,58039.0,5744.0,6718.0,39.0
693855.0,2481.0,2427.0,7108.0,3036.0
264633.0,1063.0,1274.0,1691.0,13.0
496395.0,902.0,1994.0,36942.0,1696.0
103185.0,122.0,727.0,189.0,13.0
693954.0,103303.0,70994.0,73521.0,338.0
641458.0,449334.0,5845.0,1800.0,187.0
103421.0,242.0,1917.0,282.0,30.0
616958.0,453.0,412.0,1387.0,83.0
693960.0,1728.0,1714.0,13266.0,6812.0
627886.0,14882.0,1388.0,6170.0,357.0
103783.0,276.0,621.0,5648.0,11.0
493818.0,1967.0,2024.0,35429.0,228.0
441167.0,653.0,1940.0,7458.0,347.0
343785.0,326.0,200.0,5385.0,128.0
678689.0,6690.0,6216.0,5394.0,99.0
103982.0,791.0,1523.0,2823.0,29.0
104138.0,52.0,99.0,152.0,82.0
104284.0,483.0,1771.0,2887.0,147.0
306561.0,1891.0,1028.0,11423.0,33.0
104412.0,100.0,1695.0,2375.0,37.0
703081.0,7523.0,4165.0,76788.0,5427.0
104504.0,802.0,2157.0,13139.0,943.0
702814.0,5626.0,1569.0,10915.0,320.0
104966.0,310.0,804.0,136.0,46.0
104977.0,164.0,1809.0,2198.0,226.0
550876.0,448.0,693.0,7948.0,68.0
698645.0,6407.0,5651.0,22401.0,474.0
105462.0,1322.0,2540.0,1862.0,205.0
686020.0,5071.0,4817.0,11134.0,723.0
105528.0,731.0,1372.0,41139.0,137.0
682051.0,691.0,1294.0,6715.0,294.0
105805.0,246.0,349.0,4668.0,128.0
106289.0,267.0,732.0,356.0,62.0
106425.0,1060.0,1412.0,293.0,17.0
106882.0,70.0,228.0,1861.0,19.0
467880.0,997.0,934.0,2616.0,13.0
694402.0,829.0,660.0,20988.0,1080.0
107171.0,1056.0,1958.0,8070.0,93.0
107183.0,463.0,840.0,1824.0,57.0
107282.0,1293.0,2001.0,1825.0,164.0
107323.0,225.0,555.0,4898.0,97.0
637067.0,113.0,242.0,461.0,31.0
107644.0,638.0,1830.0,1031.0,52.0
701350.0,5772.0,5293.0,34899.0,2865.0
610002.0,1455.0,1749.0,7764.0,42.0
107879.0,210.0,711.0,768.0,24.0
572461.0,4186.0,4520.0,15746.0,384.0
108014.0,11.0,154.0,208.0,72.0
701966.0,12905.0,7270.0,119256.0,4162.0
489097.0,322.0,332.0,4394.0,371.0
509903.0,635.0,701.0,6131.0,184.0
574730.0,1178.0,1608.0,38388.0,376.0
676109.0,105.0,173.0,3496.0,446.0
108405.0,562.0,1253.0,1880.0,13.0
698150.0,1112.0,2057.0,3317.0,438.0
704436.0,42882.0,31344.0,150111.0,19502.0
108740.0,137.0,408.0,2390.0,41.0
486119.0,1150.0,1780.0,8548.0,264.0
640904.0,9670.0,10407.0,59253.0,275.0
701947.0,1868.0,632.0,5130.0,1329.0
109079.0,437.0,475.0,1223.0,25.0
109139.0,262.0,726.0,2207.0,32.0
603910.0,245.0,819.0,5072.0,77.0
603670.0,1150.0,1870.0,7786.0,800.0
109411.0,1091.0,1915.0,2921.0,106.0
570090.0,245.0,1087.0,4999.0,81.0
698148.0,2175.0,2048.0,4215.0,1156.0
697008.0,1702.0,620.0,482.0,30.0
109718.0,184.0,590.0,4592.0,60.0
545354.0,486.0,776.0,7509.0,102.0
109862.0,3581.0,220.0,1479.0,13.0
560109.0,509.0,370.0,2343.0,91.0
109938.0,66.0,535.0,227.0,44.0
703538.0,12611.0,5406.0,41440.0,2581.0
676724.0,1824.0,1898.0,712.0,120.0
110095.0,151.0,408.0,3820.0,16.0
570340.0,6141.0,5426.0,16889.0,45.0
640274.0,339.0,1110.0,1327.0,60.0
664714.0,661.0,1397.0,3037.0,51.0
110553.0,225.0,1808.0,1240.0,61.0
110680.0,701.0,1189.0,1725.0,147.0
110714.0,151.0,523.0,6987.0,185.0
110790.0,544.0,533.0,1248.0,15.0
110828.0,552.0,2111.0,1154.0,186.0
703537.0,668.0,1075.0,2742.0,286.0
111239.0,59.0,222.0,3248.0,16.0
111250.0,513.0,864.0,4535.0,343.0
111525.0,3687.0,3373.0,1011.0,17.0
111687.0,99.0,173.0,1434.0,32.0
498942.0,42.0,319.0,279.0,29.0
112107.0,35.0,486.0,87.0,35.0
677573.0,2736.0,2995.0,7650.0,576.0
112217.0,6714.0,6593.0,11226.0,39.0
626783.0,1169.0,1998.0,3760.0,137.0
703841.0,100531.0,165.0,10113.0,282.0
112406.0,56.0,771.0,2039.0,36.0
112415.0,219.0,2060.0,256.0,14.0
112417.0,2053.0,2516.0,2921.0,68.0
695425.0,7933.0,7917.0,86895.0,2448.0
700055.0,332.0,605.0,6927.0,526.0
112946.0,1103.0,1663.0,1326.0,33.0
681965.0,3526.0,2715.0,12587.0,1748.0
641645.0,798.0,620.0,303.0,493.0
628287.0,7580.0,6401.0,22275.0,61.0
113297.0,414.0,273.0,7873.0,58.0
113313.0,1248.0,1839.0,1092.0,208.0
574476.0,1509.0,199.0,5423.0,16.0
113680.0,114.0,353.0,1280.0,73.0
624599.0,1110.0,1652.0,6393.0,221.0
561217.0,212.0,1005.0,965.0,109.0
640209.0,506.0,459.0,12421.0,56.0
683307.0,891.0,1487.0,5300.0,1024.0
114361.0,212.0,238.0,1019.0,27.0
572318.0,180.0,583.0,3684.0,91.0
701131.0,1950.0,2146.0,1614.0,25.0
192535.0,543.0,2030.0,36086.0,851.0
114508.0,341.0,1987.0,5315.0,159.0
114689.0,233.0,524.0,397.0,17.0
115050.0,420.0,1844.0,3392.0,899.0
680873.0,20869.0,1534.0,1833.0,18.0
115236.0,139.0,243.0,1252.0,13.0
685241.0,1070.0,1764.0,9897.0,439.0
604652.0,239.0,633.0,2484.0,285.0
463287.0,1123.0,1559.0,6824.0,22.0
116370.0,340.0,835.0,527.0,13.0
697927.0,45.0,63.0,132.0,69.0
116489.0,2367.0,2663.0,16853.0,35.0
116511.0,41.0,230.0,895.0,50.0
574093.0,740.0,1248.0,5624.0,15.0
116588.0,2033.0,2209.0,2552.0,46.0
699319.0,280.0,594.0,8620.0,415.0
116755.0,248.0,289.0,2048.0,28.0
700299.0,642.0,1025.0,14396.0,637.0
117139.0,200.0,456.0,3274.0,40.0
700317.0,38440.0,14.0,23995.0,1893.0
117924.0,136.0,493.0,2183.0,60.0
118293.0,50.0,279.0,305.0,13.0
118325.0,587.0,775.0,8734.0,27.0
118361.0,371.0,1568.0,3374.0,133.0
612878.0,747.0,1830.0,3403.0,421.0
118649.0,438.0,2111.0,728.0,19.0
118867.0,571.0,2002.0,4006.0,135.0
574477.0,425.0,762.0,5032.0,346.0
119083.0,392.0,974.0,2048.0,38.0
681504.0,914.0,1801.0,3618.0,244.0
388523.0,346.0,1555.0,266.0,83.0
448065.0,793.0,1578.0,14425.0,479.0
119438.0,110.0,610.0,796.0,17.0
704573.0,54563.0,56980.0,6862.0,429.0
641735.0,2918.0,3251.0,6441.0,33.0
119678.0,50.0,733.0,277.0,34.0
119799.0,589.0,1746.0,1206.0,35.0
119872.0,1188.0,1065.0,1311.0,92.0
119946.0,706.0,928.0,7894.0,149.0
573391.0,1414.0,1548.0,12600.0,66.0
120101.0,214.0,1310.0,2169.0,28.0
120120.0,640.0,1435.0,381.0,20.0
698630.0,1974.0,2089.0,8250.0,147.0
512634.0,202.0,460.0,4253.0,145.0
583278.0,352.0,857.0,1839.0,25.0
120780.0,744.0,444.0,371.0,14.0
121099.0,161.0,289.0,384.0,13.0
121235.0,231.0,869.0,1531.0,13.0
121263.0,171.0,248.0,8202.0,274.0
701327.0,12452.0,9681.0,43385.0,1964.0
121736.0,10600.0,8303.0,1501.0,12.0
121744.0,328.0,687.0,2279.0,80.0
121959.0,391.0,417.0,7397.0,137.0
121983.0,313.0,293.0,2570.0,17.0
683144.0,10448.0,1190.0,37648.0,723.0
628371.0,809.0,1087.0,7500.0,1600.0
122259.0,151.0,862.0,2316.0,157.0
122269.0,576.0,1542.0,1022.0,39.0
554212.0,980.0,1385.0,6096.0,73.0
453778.0,1822.0,2035.0,9592.0,417.0
630468.0,35317.0,7213.0,4484.0,82.0
122703.0,1140.0,1786.0,8937.0,46.0
122725.0,609.0,1183.0,756.0,66.0
688765.0,5393.0,221.0,1113.0,54.0
122788.0,192.0,792.0,3798.0,177.0
122849.0,480.0,866.0,2605.0,86.0
122909.0,480.0,1879.0,1348.0,57.0
123195.0,1176.0,1833.0,15793.0,895.0
123262.0,260.0,891.0,8152.0,178.0
569181.0,938.0,2026.0,4518.0,154.0
290254.0,1294.0,2022.0,5229.0,166.0
123501.0,145.0,1990.0,191.0,15.0
123593.0,589.0,711.0,3734.0,88.0
626018.0,1158.0,1557.0,9788.0,592.0
620651.0,1142.0,1713.0,11735.0,177.0
124069.0,101.0,338.0,1101.0,80.0
620581.0,654.0,649.0,2279.0,83.0
124435.0,159.0,755.0,9364.0,373.0
124464.0,184.0,372.0,1202.0,156.0
124511.0,264.0,426.0,4101.0,171.0
630579.0,703.0,799.0,1339.0,92.0
124686.0,137.0,966.0,1951.0,69.0
124704.0,147.0,2001.0,250.0,16.0
701135.0,4293.0,4079.0,6906.0,37.0
685778.0,1214.0,1977.0,11054.0,3223.0
125007.0,373.0,318.0,6526.0,13.0
125093.0,283.0,764.0,156.0,11.0
704744.0,40536.0,13714.0,287822.0,12442.0
125292.0,465.0,1075.0,5051.0,43.0
702401.0,2206.0,1589.0,58021.0,1569.0
125420.0,304.0,2023.0,1826.0,151.0
125820.0,172.0,714.0,1189.0,17.0
512016.0,317.0,1047.0,874.0,111.0
125975.0,221.0,1198.0,136.0,22.0
698337.0,5428.0,5048.0,84557.0,2999.0
684211.0,422.0,821.0,1271.0,86.0
698019.0,25887.0,10413.0,10650.0,178.0
126991.0,4709.0,4411.0,6598.0,284.0
127005.0,321.0,594.0,5565.0,154.0
641521.0,26.0,151.0,103.0,47.0
436549.0,343.0,732.0,1895.0,12.0
703532.0,1124.0,831.0,5578.0,573.0
440397.0,2895.0,3056.0,395.0,14.0
583091.0,2084.0,2189.0,9184.0,283.0
127545.0,363.0,592.0,404.0,20.0
127821.0,414.0,1226.0,3563.0,33.0
400263.0,527.0,2031.0,7247.0,312.0
639728.0,403.0,668.0,5993.0,63.0
700758.0,3938.0,3417.0,15657.0,1356.0
302567.0,3228.0,1349.0,3081.0,25.0
128399.0,491.0,1299.0,6192.0,92.0
128517.0,1598.0,1862.0,19695.0,112.0
302905.0,219.0,601.0,2552.0,108.0
681602.0,2273.0,1976.0,6203.0,126.0
546988.0,3136.0,3515.0,18515.0,461.0
128683.0,557.0,1130.0,3731.0,45.0
128686.0,324.0,1632.0,7309.0,603.0
128708.0,340.0,240.0,3117.0,28.0
128709.0,358.0,402.0,6160.0,122.0
128710.0,442.0,823.0,11563.0,287.0
701500.0,122130.0,7787.0,66872.0,47.0
696668.0,38147.0,5050.0,3755.0,15.0
128935.0,124.0,676.0,369.0,27.0
129003.0,155.0,256.0,5551.0,44.0
129361.0,113.0,609.0,2571.0,84.0
579746.0,110.0,617.0,7501.0,94.0
700685.0,21470.0,21818.0,151401.0,4411.0
129871.0,197.0,1213.0,214.0,14.0
218071.0,1785.0,1166.0,10913.0,35.0
704647.0,53804.0,828.0,53021.0,3760.0
130162.0,555.0,663.0,4904.0,12.0
515652.0,425.0,948.0,1116.0,170.0
130382.0,908.0,915.0,21601.0,153.0
130466.0,455.0,633.0,4037.0,46.0
130630.0,237.0,263.0,3591.0,12.0
630780.0,521.0,647.0,1129.0,268.0
130669.0,472.0,1605.0,2133.0,38.0
130866.0,8787.0,9019.0,5052.0,132.0
130868.0,430.0,1021.0,5238.0,51.0
130949.0,168.0,1901.0,1742.0,16.0
701891.0,1871.0,389.0,1386.0,106.0
131504.0,278.0,1532.0,1053.0,16.0
131888.0,90.0,471.0,1885.0,16.0
131927.0,601.0,1376.0,3785.0,24.0
378532.0,715.0,820.0,2835.0,82.0
132227.0,226.0,1283.0,8278.0,489.0
132560.0,509.0,1097.0,1090.0,93.0
701426.0,241.0,216.0,3247.0,384.0
313485.0,1048.0,1999.0,30314.0,420.0
702706.0,2311.0,2254.0,114062.0,3725.0
132684.0,549.0,1625.0,5389.0,130.0
701832.0,670.0,2028.0,7675.0,495.0
686326.0,16366.0,9618.0,15656.0,404.0
132927.0,1114.0,1093.0,4666.0,38.0
133292.0,174.0,609.0,389.0,14.0
133414.0,338.0,2081.0,2628.0,35.0
133745.0,1129.0,797.0,4505.0,20.0
133932.0,115.0,185.0,265.0,28.0
134230.0,170.0,569.0,959.0,12.0
134326.0,132.0,463.0,5813.0,69.0
578852.0,1114.0,1961.0,1187.0,26.0
695821.0,9169.0,1203.0,7058.0,120.0
422253.0,117.0,198.0,328.0,46.0
704584.0,12845.0,6357.0,462.0,12.0
640908.0,37908.0,10090.0,26700.0,63.0
135055.0,197.0,398.0,1175.0,15.0
494834.0,542.0,941.0,5137.0,445.0
135198.0,1107.0,1000.0,4821.0,32.0
135421.0,28163.0,25164.0,6758.0,72.0
641815.0,96538.0,496.0,1990.0,117.0
135571.0,160.0,1023.0,2941.0,283.0
641819.0,1832.0,1598.0,6486.0,110.0
610712.0,220.0,1004.0,12745.0,626.0
676688.0,3307.0,826.0,30002.0,181.0
631305.0,12665.0,13901.0,44175.0,99.0
703781.0,8742.0,7930.0,11215.0,766.0
136515.0,620.0,1436.0,7053.0,64.0
578370.0,4948.0,4965.0,8462.0,426.0
136836.0,466.0,1331.0,6739.0,34.0
523096.0,423.0,1998.0,4476.0,100.0
704189.0,50.0,158.0,485.0,1394.0
136996.0,258.0,429.0,3863.0,18.0
312117.0,24279.0,27142.0,1571.0,100.0
512994.0,3775.0,630.0,12515.0,354.0
618998.0,282.0,392.0,19722.0,1938.0
137625.0,785.0,854.0,6002.0,77.0
137774.0,391.0,487.0,2586.0,12.0
137834.0,312.0,2004.0,5633.0,92.0
137904.0,265.0,820.0,8619.0,72.0
137940.0,279.0,1816.0,650.0,19.0
692951.0,1109808.0,384532.0,111424.0,2345.0
137988.0,902.0,1780.0,1343.0,11.0
681749.0,1437.0,1958.0,19420.0,469.0
697827.0,280350.0,424.0,3867.0,664.0
138123.0,144.0,92.0,5351.0,1149.0
138165.0,981.0,2016.0,5428.0,81.0
439814.0,832.0,811.0,9048.0,89.0
138248.0,358.0,1933.0,1073.0,15.0
631424.0,5069.0,4651.0,1862.0,144.0
138550.0,244.0,701.0,874.0,13.0
261496.0,1442.0,1261.0,9749.0,224.0
138728.0,153.0,1423.0,172.0,92.0
646502.0,5814.0,5480.0,1911.0,66.0
313674.0,62690.0,36519.0,89941.0,2696.0
217026.0,249.0,726.0,3468.0,113.0
139190.0,276.0,1998.0,5435.0,39.0
700837.0,293499.0,293355.0,47458.0,800.0
139285.0,602.0,1970.0,19091.0,12.0
696895.0,4294.0,3792.0,4265.0,44.0
610167.0,660.0,2167.0,8374.0,1139.0
140029.0,6004.0,5797.0,9426.0,44.0
704818.0,715736.0,318684.0,30385.0,3356.0
581518.0,2160.0,2155.0,6469.0,33.0
140568.0,3571.0,3532.0,4096.0,15.0
523224.0,2855.0,2271.0,9589.0,13.0
140642.0,624.0,608.0,10731.0,18.0
642012.0,135.0,390.0,4472.0,251.0
140980.0,165.0,127.0,619.0,38.0
703948.0,21287.0,9987.0,144325.0,2295.0
619067.0,73303.0,42881.0,10446.0,125.0
639884.0,4624.0,442.0,2730.0,16.0
141463.0,182.0,201.0,1822.0,11.0
141592.0,221.0,542.0,1144.0,15.0
293126.0,262.0,456.0,2502.0,91.0
702032.0,2261.0,2133.0,8722.0,826.0
142167.0,1048.0,1288.0,1155.0,21.0
703679.0,219997.0,1840.0,7823.0,378.0
654155.0,720.0,1804.0,18815.0,660.0
142334.0,631.0,617.0,3479.0,260.0
325915.0,1199.0,1713.0,5383.0,31.0
518375.0,470.0,754.0,3156.0,40.0
639689.0,2010.0,1983.0,952.0,166.0
142813.0,471.0,1419.0,1652.0,24.0
643900.0,2373.0,2291.0,8926.0,197.0
143194.0,267.0,724.0,5684.0,49.0
702156.0,2771.0,2020.0,2976.0,60.0
143288.0,101.0,254.0,2616.0,414.0
143565.0,175.0,180.0,2387.0,44.0
468380.0,23264.0,23343.0,233.0,12.0
143919.0,682.0,658.0,970.0,345.0
144465.0,1223.0,1707.0,7058.0,281.0
574727.0,195.0,545.0,972.0,157.0
321678.0,26266.0,23630.0,144.0,11.0
145547.0,311.0,1978.0,21896.0,18.0
145612.0,490.0,1876.0,1237.0,58.0
145730.0,137.0,691.0,1827.0,52.0
306478.0,695.0,974.0,4771.0,89.0
145756.0,147.0,183.0,207.0,230.0
145765.0,325.0,952.0,2421.0,27.0
145785.0,378.0,661.0,7650.0,235.0
702414.0,150966.0,46224.0,8849.0,28.0
703735.0,55718.0,30271.0,91494.0,8009.0
145988.0,351.0,1936.0,1324.0,20.0
146008.0,536.0,750.0,5124.0,13.0
306186.0,385.0,378.0,8587.0,53.0
589899.0,335.0,815.0,3686.0,250.0
146236.0,560.0,1086.0,5167.0,33.0
146296.0,211.0,1164.0,485.0,27.0
146628.0,356.0,907.0,11433.0,12.0
146629.0,661.0,2026.0,4852.0,39.0
597892.0,283.0,515.0,413.0,13.0
643593.0,9444.0,8790.0,6831.0,358.0
631618.0,1823.0,2015.0,6054.0,112.0
704562.0,358.0,555.0,6056.0,367.0
700908.0,2462.0,993.0,28189.0,3043.0
147331.0,85.0,338.0,724.0,37.0
640678.0,156.0,224.0,2855.0,69.0
640788.0,695.0,1344.0,9136.0,67.0
148275.0,376.0,297.0,3194.0,24.0
148311.0,630.0,1915.0,289.0,25.0
575163.0,220.0,379.0,1407.0,18.0
644344.0,347.0,484.0,278.0,155.0
698088.0,1295.0,1565.0,6842.0,338.0
663649.0,111134.0,97786.0,24238.0,395.0
149086.0,171.0,734.0,8614.0,215.0
646746.0,625.0,801.0,451.0,1057.0
149196.0,20.0,201.0,1749.0,338.0
694988.0,6603.0,7286.0,20226.0,79.0
149320.0,72.0,138.0,1336.0,39.0
704934.0,1032546.0,313592.0,34492.0,1381.0
697083.0,3892.0,1097.0,3453.0,30.0
149440.0,6412.0,5056.0,37514.0,57.0
670621.0,269722.0,28636.0,6482.0,13.0
149586.0,115.0,1714.0,4367.0,167.0
149702.0,482.0,1986.0,2559.0,35.0
703021.0,1853.0,1431.0,7003.0,373.0
150091.0,19.0,154.0,178.0,33.0
150292.0,215.0,887.0,154.0,24.0
150508.0,348.0,317.0,1022.0,135.0
676694.0,348839.0,133935.0,1787.0,825.0
150787.0,68.0,293.0,324.0,16.0
313017.0,5745.0,2096.0,26271.0,26.0
309345.0,852.0,2150.0,650.0,126.0
151122.0,98.0,284.0,1095.0,64.0
644745.0,2359.0,2115.0,3400.0,153.0
151489.0,445.0,1127.0,1359.0,18.0
642169.0,1264.0,2121.0,2503.0,137.0
686234.0,9735.0,8419.0,36708.0,1272.0
646657.0,94848.0,76764.0,404.0,18.0
152412.0,2678.0,2136.0,1752.0,58.0
640118.0,508.0,1843.0,632.0,22.0
152633.0,437.0,1967.0,3859.0,178.0
700782.0,789530.0,457218.0,11362.0,2061.0
666139.0,952.0,1700.0,5912.0,32.0
152834.0,119.0,590.0,259.0,54.0
682995.0,162681.0,160009.0,218708.0,1188.0
316605.0,309.0,405.0,2210.0,126.0
641952.0,15810.0,13103.0,35925.0,3198.0
153580.0,155.0,371.0,1877.0,28.0
153980.0,447.0,1928.0,2583.0,40.0
154019.0,299.0,1071.0,907.0,179.0
154106.0,138.0,131.0,2240.0,45.0
154298.0,191.0,506.0,702.0,12.0
154304.0,4359.0,537.0,2260.0,236.0
154705.0,298.0,977.0,5529.0,106.0
154965.0,155.0,798.0,3088.0,363.0
585369.0,2461.0,1405.0,23049.0,604.0
155121.0,1023.0,1942.0,12272.0,74.0
155156.0,349.0,1892.0,4076.0,19.0
348019.0,1569.0,346.0,10846.0,619.0
582904.0,15729.0,14185.0,904.0,566.0
688868.0,7198.0,5558.0,22172.0,2606.0
581815.0,1968.0,1969.0,316.0,82.0
155885.0,2624.0,2234.0,10572.0,61.0
650275.0,981.0,3235.0,755.0,783.0
583654.0,952.0,486.0,278.0,22.0
695824.0,279944.0,158554.0,4038.0,1072.0
448934.0,1127.0,889.0,5255.0,1045.0
598733.0,3606.0,4047.0,5794.0,570.0
644025.0,506477.0,81862.0,3793.0,585.0
633055.0,496012.0,2375.0,3281.0,256.0
157269.0,4180.0,3892.0,2135.0,141.0
157407.0,6191.0,5672.0,2778.0,52.0
158189.0,8652.0,8834.0,6774.0,47.0
319400.0,62.0,162.0,363.0,70.0
697581.0,5431.0,5795.0,1077.0,1990.0
672116.0,13708.0,13072.0,20975.0,774.0
704893.0,286548.0,242787.0,2955.0,96.0
158898.0,1511.0,2061.0,123.0,25.0
636939.0,22846.0,4565.0,12046.0,152.0
159422.0,176.0,1073.0,90.0,12.0
651457.0,983.0,901.0,403.0,132.0
680814.0,1088.0,1013.0,215.0,370.0
160380.0,108.0,2789.0,132.0,70.0
160397.0,2560.0,2384.0,2637.0,69.0
160502.0,1245.0,1764.0,2947.0,307.0
339618.0,135.0,101.0,664.0,124.0
242537.0,8196.0,8351.0,1262.0,52.0
242173.0,475.0,111.0,355.0,145.0
161811.0,2889.0,2084.0,1028.0,48.0
161874.0,96.0,155.0,435.0,34.0
336402.0,456.0,148.0,357.0,184.0
674530.0,2908.0,1426.0,15966.0,1586.0
355506.0,289.0,237.0,1584.0,394.0
162673.0,1215.0,1150.0,75.0,14.0
162788.0,1245.0,2042.0,987.0,23.0
649916.0,21912.0,23486.0,6268.0,423.0
163493.0,341.0,1821.0,100.0,57.0
163520.0,1018.0,1446.0,1628.0,32.0
330389.0,3748.0,3698.0,4671.0,89.0
650189.0,8644.0,8262.0,867.0,378.0
651728.0,109987.0,99917.0,421.0,26.0
164230.0,918.0,1384.0,2158.0,12.0
164262.0,34.0,140.0,56.0,12.0
164489.0,2671.0,185.0,473.0,31.0
258126.0,4061.0,2851.0,437.0,39.0
164703.0,634.0,1997.0,2424.0,21.0
662717.0,137447.0,135496.0,362.0,129.0
165075.0,287.0,183.0,761.0,146.0
165100.0,107.0,498.0,3439.0,136.0
165171.0,1066.0,1274.0,4464.0,252.0
662480.0,20169.0,19272.0,3682.0,128.0
588652.0,145037.0,161271.0,2971.0,220.0
165430.0,853.0,1029.0,2439.0,327.0
165440.0,1543.0,1596.0,3573.0,220.0
285515.0,47860.0,417.0,2609.0,66.0
695803.0,12291.0,11372.0,40072.0,775.0
651310.0,44770.0,29187.0,1295.0,79.0
166248.0,242.0,162.0,141.0,25.0
166405.0,541.0,1638.0,258.0,40.0
702534.0,6281.0,6120.0,30164.0,1158.0
167118.0,273.0,461.0,2532.0,1163.0
167296.0,600.0,505.0,306.0,35.0
167416.0,1759.0,657.0,3437.0,167.0
379582.0,6143.0,6966.0,247.0,89.0
652023.0,400.0,430.0,656.0,13.0
698274.0,12044.0,9662.0,5699.0,329.0
168126.0,203.0,1482.0,70.0,54.0
169287.0,578.0,2204.0,2638.0,16.0
169521.0,141.0,199.0,945.0,206.0
169659.0,12231.0,10311.0,1737.0,16.0
169674.0,187.0,133.0,654.0,34.0
169797.0,283.0,525.0,717.0,75.0
657474.0,489.0,107.0,64.0,21.0
169946.0,294.0,817.0,105.0,17.0
661781.0,2577.0,307.0,1276.0,85.0
170222.0,188.0,341.0,530.0,192.0
170400.0,884.0,876.0,3193.0,16.0
170839.0,554.0,283.0,1959.0,24.0
171101.0,1070.0,980.0,366.0,16.0
658839.0,12412.0,11504.0,1857.0,149.0
648941.0,61765.0,63564.0,4242.0,89.0
172014.0,533.0,853.0,1150.0,74.0
172169.0,229.0,622.0,3395.0,17.0
652910.0,118061.0,102041.0,1329.0,29.0
687214.0,209720.0,86852.0,1992.0,89.0
593498.0,109.0,117.0,1195.0,12.0
173248.0,80.0,145.0,198.0,19.0
277747.0,1580.0,1944.0,663.0,150.0
703433.0,4012.0,4055.0,14533.0,1794.0
173740.0,1315.0,1075.0,4110.0,220.0
663135.0,329.0,1530.0,318.0,213.0
173925.0,1032.0,1220.0,8283.0,95.0
174002.0,208.0,532.0,1606.0,328.0
174158.0,2120.0,2341.0,2206.0,40.0
379588.0,11156.0,9906.0,1324.0,18.0
174309.0,6717.0,5859.0,2629.0,40.0
174310.0,344.0,305.0,2390.0,79.0
674959.0,2860.0,2951.0,9276.0,2022.0
594792.0,99.0,79.0,1196.0,43.0
644838.0,1157.0,681.0,1953.0,210.0
174947.0,830.0,1988.0,597.0,40.0
392990.0,1050.0,1153.0,395.0,24.0
175263.0,1376.0,1489.0,577.0,92.0
175281.0,213.0,444.0,1872.0,199.0
175305.0,3004.0,2943.0,9717.0,223.0
175475.0,12005.0,9622.0,338.0,20.0
175549.0,140.0,606.0,110.0,11.0
175677.0,5514.0,3935.0,1434.0,44.0
653534.0,262.0,232.0,312.0,12.0
175885.0,1184.0,1246.0,2109.0,109.0
176175.0,3766.0,3714.0,4935.0,22.0
176331.0,40402.0,34062.0,10183.0,325.0
590194.0,3283.0,3520.0,1384.0,362.0
176946.0,3111.0,264.0,1938.0,95.0
650725.0,2143.0,1879.0,5573.0,854.0
345657.0,9082.0,8147.0,3474.0,902.0
664005.0,2108.0,1794.0,1647.0,162.0
177635.0,148.0,107.0,2052.0,76.0
396309.0,553.0,2498.0,289.0,242.0
178426.0,406.0,287.0,768.0,13.0
178521.0,2251.0,2031.0,6017.0,18.0
178599.0,324.0,1682.0,1148.0,358.0
682338.0,27742.0,24625.0,1625.0,54.0
178928.0,562.0,697.0,830.0,57.0
179089.0,268.0,260.0,2903.0,605.0
473869.0,2210.0,2270.0,4449.0,295.0
691635.0,28684.0,28155.0,80.0,17.0
655250.0,33458.0,35826.0,1566.0,263.0
568594.0,5826.0,3264.0,2018.0,197.0
180188.0,75.0,191.0,389.0,82.0
180253.0,1717.0,1396.0,7960.0,21.0
180687.0,390.0,793.0,844.0,76.0
608952.0,1636.0,1369.0,1442.0,250.0
180794.0,3352.0,2669.0,24948.0,295.0
265155.0,409.0,488.0,313.0,55.0
180921.0,3044.0,2866.0,1891.0,222.0
181116.0,1281.0,357.0,1299.0,131.0
181286.0,565.0,115.0,2073.0,136.0
181369.0,14780.0,13315.0,17179.0,30.0
181725.0,21231.0,18517.0,96067.0,5243.0
355115.0,84.0,141.0,237.0,273.0
181786.0,1561.0,1986.0,495.0,174.0
181974.0,2204.0,2045.0,1314.0,86.0
663888.0,1817.0,1716.0,2712.0,185.0
182043.0,115.0,157.0,107.0,25.0
182057.0,1528.0,351.0,1282.0,15.0
384087.0,3959.0,3797.0,1943.0,129.0
182282.0,1093.0,1459.0,5319.0,574.0
182297.0,131.0,318.0,1080.0,16.0
182515.0,1183.0,923.0,2339.0,68.0
367485.0,979.0,643.0,14388.0,78.0
692098.0,890.0,1789.0,8850.0,20.0
692459.0,2541.0,2788.0,8825.0,816.0
183458.0,1804.0,1993.0,2063.0,60.0
183503.0,2981.0,3292.0,2117.0,68.0
183537.0,2801.0,2354.0,6247.0,180.0
183563.0,180.0,136.0,248.0,254.0
698466.0,6359.0,5379.0,6047.0,756.0
183886.0,648.0,750.0,530.0,53.0
183920.0,16792.0,16501.0,538.0,87.0
184178.0,211.0,704.0,3497.0,15.0
184341.0,2085.0,1865.0,3223.0,21.0
184628.0,927.0,1140.0,1493.0,127.0
184637.0,658.0,468.0,983.0,36.0
662023.0,80121.0,57001.0,658.0,117.0
185090.0,168.0,94.0,176.0,16.0
185128.0,314.0,298.0,3062.0,257.0
646314.0,1379.0,1769.0,2642.0,323.0
185643.0,1753.0,896.0,935.0,17.0
388017.0,1011.0,1697.0,1976.0,184.0
185819.0,1293.0,1471.0,492.0,34.0
185821.0,72.0,890.0,84.0,34.0
